Elberta,Clother,14th Floor,Mita,Civil Engineer,107.130.71.234
Ximenez,Prestney,16th Floor,Blognation,Physical Therapy Assistant,41.167.128.47
Claribel,Hearley,PO Box 74964,Browsebug,Senior Quality Engineer,218.126.62.190
Geri,Mettetal,14th Floor,Kazio,General Manager,137.182.64.36
Herc,Kernermann,Suite 45,Browsedrive,Systems Administrator II,63.232.118.169
Waring,Turnock,Apt 562,Voonyx,Pharmacist,66.122.202.12
Osbert,Wegner,Suite 54,Skinte,Assistant Media Planner,64.24.77.238
Ber,Considine,Suite 94,Fadeo,Accounting Assistant I,25.213.152.239
Jelene,O' Mulderrig,6th Floor,Oloo,Geologist III,235.207.120.218
Madelyn,Filipchikov,Suite 29,Fliptune,Recruiter,208.110.107.81
Phedra,Nolton,4th Floor,Rooxo,Programmer III,88.225.23.97
Dyanna,Carlesi,5th Floor,Jayo,VP Sales,207.242.191.38
Joshuah,Rouke,Suite 7,Skinix,Cost Accountant,228.12.240.189
Leola,Possell,Apt 435,Dabjam,Business Systems Development Analyst,137.81.229.19
Rollins,Somersett,Room 1442,Izio,Physical Therapy Assistant,226.29.43.49
Tammie,Warrell,Room 445,Feedspan,Engineer I,99.196.129.155
Franciskus,Steanson,3rd Floor,Aimbu,Assistant Media Planner,222.51.220.27
Amii,Tett,Suite 38,Edgeify,Geologist I,6.170.253.246
Zacharias,Orton,PO Box 85111,Oyoba,Senior Cost Accountant,139.86.9.30
Dacy,Vigars,Suite 89,Oyonder,Nurse Practicioner,138.104.83.108
Jaquelyn,Gudd,1st Floor,Edgepulse,Teacher,86.68.146.229
Emyle,Tolmie,13th Floor,Zoozzy,Administrative Officer,228.3.175.126
Seana,Shillingford,PO Box 4267,JumpXS,Assistant Professor,188.94.32.71
Conrad,Byfield,17th Floor,Voonix,General Manager,21.210.226.184
Dynah,Chillcot,Room 1412,Flashspan,Analyst Programmer,176.81.213.1
Hendrika,Eden,Room 1234,Layo,Associate Professor,229.225.135.2
Frazer,McGennis,Apt 557,Dabtype,Computer Systems Analyst II,8.27.108.158
Rubina,Cowhig,14th Floor,Zoomdog,Design Engineer,151.129.241.167
Caleb,McGannon,Suite 40,Topiclounge,Software Engineer IV,238.188.78.118
Ollie,Guerrin,Apt 1446,Youtags,Web Designer IV,234.180.3.252
Tomi,Epilet,Apt 28,Einti,Web Designer II,99.207.118.31
Cyndie,Montague,Apt 819,Katz,Assistant Media Planner,49.145.188.99
Marcelia,Lakeman,Suite 92,Dynabox,Occupational Therapist,26.235.114.26
Lillis,Meaders,Apt 1839,Fanoodle,Quality Control Specialist,149.15.252.144
Baron,Dymidowski,PO Box 72892,Camido,Financial Analyst,249.92.90.87
Marvin,Brazener,Suite 45,Mymm,Paralegal,172.40.47.59
Kaitlyn,Chasemoore,Apt 1412,Npath,VP Sales,209.115.127.94
Marybelle,Tesoe,Room 705,Edgepulse,Quality Control Specialist,80.140.144.221
Ede,Ebsworth,Room 775,Eimbee,Administrative Officer,22.133.94.183
Doll,Danielovitch,7th Floor,Yodoo,Software Test Engineer IV,70.183.158.48
Emanuel,Pharrow,15th Floor,Yozio,Paralegal,150.78.164.249
Sheryl,Size,Apt 1059,Zooveo,Web Designer III,254.176.41.51
Sandor,Alesi,Suite 2,Skilith,Environmental Specialist,206.191.84.204
Melissa,Annes,Room 1973,Abatz,Senior Sales Associate,162.9.113.57
Lisetta,Faulconbridge,Apt 888,Ntags,Information Systems Manager,102.50.206.56
Flin,Dillimore,Apt 158,Camimbo,Programmer IV,45.66.7.249
Consalve,Stroder,Room 1007,Blogtags,Product Engineer,243.152.23.159
Kore,Bemand,12th Floor,Avaveo,Technical Writer,226.68.245.117
Jermayne,Tunmore,Suite 30,Plajo,Paralegal,114.169.143.44
Kati,Schimonek,Room 1513,Gabcube,Computer Systems Analyst IV,207.143.136.190
Dix,Rumke,PO Box 37082,Bubblebox,Web Designer IV,192.40.197.114
Wolfie,Downage,PO Box 24974,Camimbo,Junior Executive,24.31.182.200
Angus,Penwell,Apt 680,Topicshots,Teacher,129.33.213.188
Bronnie,Flaherty,5th Floor,Mycat,Chief Design Engineer,144.228.229.215
Curry,Champneys,Room 71,Shufflester,Chief Design Engineer,222.228.207.121
Lorrayne,Reinbeck,Suite 23,Youspan,Desktop Support Technician,239.68.133.187
Elmer,Barbera,8th Floor,Tagchat,GIS Technical Architect,147.27.58.86
Web,Cheek,Apt 1361,Plambee,Community Outreach Specialist,150.103.30.84
Jena,Hablot,4th Floor,Mynte,Tax Accountant,220.67.20.186
Electra,Coard,Suite 36,Oyondu,Graphic Designer,164.208.167.133
Aretha,Djurisic,Apt 1106,Flashdog,Environmental Specialist,88.224.41.137
Wolfie,Broadist,19th Floor,Photobug,VP Sales,147.90.0.223
Jedediah,Wildin,PO Box 46282,Mita,Research Nurse,82.212.102.243
Stephi,Wemes,Apt 574,Jaxspan,Food Chemist,30.193.84.31
Leigh,Bathoe,Apt 607,Kazu,Programmer Analyst II,209.244.194.248
Minnie,Draisey,Room 1059,Wordpedia,Desktop Support Technician,49.73.10.41
Bianka,Serraillier,Suite 37,Wordware,Professor,222.55.180.164
Merell,Keyho,Apt 1815,Skiptube,Senior Financial Analyst,41.204.65.57
Libby,Lavrick,Apt 810,Photofeed,Accountant II,65.148.153.103
Hatty,Mewhirter,Suite 56,Divavu,Help Desk Operator,175.118.173.104
May,Permain,14th Floor,Vidoo,General Manager,188.42.215.166
Jonis,Denerley,Apt 1920,Skiba,Quality Engineer,191.226.250.64
Dasha,Loveitt,Apt 907,Myworks,Marketing Manager,254.51.172.191
Enid,de Glanville,Room 1829,Tavu,Electrical Engineer,216.128.122.2
Millisent,Roughsedge,9th Floor,Brainsphere,Environmental Specialist,96.174.218.94
Edmund,Chaman,Suite 18,DabZ,Quality Control Specialist,219.156.138.48
Eolande,Aucourte,Room 996,Browsetype,Business Systems Development Analyst,242.12.184.225
Allyn,Eddins,Suite 42,Thoughtstorm,Registered Nurse,139.92.159.224
Alix,Juggings,20th Floor,Realbridge,Budget/Accounting Analyst II,183.81.180.1
Laurette,Tees,Room 148,Eare,Nurse,177.103.213.58
Jackelyn,Flook,Apt 1792,Youbridge,Accounting Assistant III,10.146.49.93
Glyn,Romeuf,1st Floor,Camido,Environmental Specialist,92.59.142.137
Patin,Bengle,Suite 94,Wikido,Computer Systems Analyst I,76.235.163.178
Tamarah,Blessed,Suite 13,Flashdog,Accountant IV,24.245.29.165
Octavius,Coleman,Room 47,Feedfire,Director of Sales,84.9.28.48
Marcellina,Korn,Apt 1781,Avavee,Quality Control Specialist,105.195.39.194
Noel,Forlonge,PO Box 46767,Thoughtstorm,Media Manager I,72.152.138.75
Doralyn,Lamb,Apt 1224,Zoomlounge,Help Desk Technician,152.115.84.90
Lani,Miner,Apt 1695,Riffwire,Systems Administrator III,126.228.123.105
Courtney,Limerick,Room 921,Lajo,Nurse,16.17.199.202
Filia,Insull,7th Floor,Blogpad,Project Manager,180.113.196.220
Shepperd,Broscombe,Apt 1862,Thoughtsphere,Speech Pathologist,133.84.158.108
Debera,Casin,Room 141,Meetz,Structural Analysis Engineer,198.88.179.62
Jaquelyn,Tinson,14th Floor,Skaboo,Systems Administrator II,121.159.230.172
Brad,Whiscard,Room 1282,Miboo,Junior Executive,248.190.163.24
Dorelle,Rushbury,PO Box 38307,Photobug,Senior Editor,12.130.85.10
Rahel,Breazeall,17th Floor,Skiptube,Nuclear Power Engineer,192.190.102.221
Norrie,Eckart,Room 490,Jaloo,Clinical Specialist,51.167.207.46
Misti,Stradling,2nd Floor,Yombu,Registered Nurse,229.22.107.240
Siana,McWhannel,Suite 36,Wikivu,Speech Pathologist,156.32.10.86
