First Name, Last Name, Job Title, IP
Ximenez,Prestney,Physical Therapy Assistant,41.167.128.47
Claribel,Hearley,Senior Quality Engineer,218.126.62.190
Geri,Mettetal,General Manager,137.182.64.36
Herc,Kernermann,Systems Administrator II,63.232.118.169
Waring,Turnock,Pharmacist,66.122.202.12
Osbert,Wegner,Assistant Media Planner,64.24.77.238
Ber,Considine,Accounting Assistant I,25.213.152.239
Jelene,O' Mulderrig,Geologist III,235.207.120.218
Madelyn,Filipchikov,Recruiter,208.110.107.81
Phedra,Nolton,Programmer III,88.225.23.97
Dyanna,Carlesi,VP Sales,207.242.191.38
Joshuah,Rouke,Cost Accountant,228.12.240.189
Leola,Possell,Business Systems Development Analyst,137.81.229.19
Rollins,Somersett,Physical Therapy Assistant,226.29.43.49
Tammie,Warrell,Engineer I,99.196.129.155
Franciskus,Steanson,Assistant Media Planner,222.51.220.27
Amii,Tett,Geologist I,6.170.253.246
Zacharias,Orton,Senior Cost Accountant,139.86.9.30
Dacy,Vigars,Nurse Practicioner,138.104.83.108
Jaquelyn,Gudd,Teacher,86.68.146.229
Emyle,Tolmie,Administrative Officer,228.3.175.126
Seana,Shillingford,Assistant Professor,188.94.32.71
Conrad,Byfield,General Manager,21.210.226.184
Dynah,Chillcot,Analyst Programmer,176.81.213.1
Hendrika,Eden,Associate Professor,229.225.135.2
Frazer,McGennis,Computer Systems Analyst II,8.27.108.158
Rubina,Cowhig,Design Engineer,151.129.241.167
Caleb,McGannon,Software Engineer IV,238.188.78.118
Ollie,Guerrin,Web Designer IV,234.180.3.252
Tomi,Epilet,Web Designer II,99.207.118.31
Cyndie,Montague,Assistant Media Planner,49.145.188.99
Marcelia,Lakeman,Occupational Therapist,26.235.114.26
Lillis,Meaders,Quality Control Specialist,149.15.252.144
Baron,Dymidowski,Financial Analyst,249.92.90.87
Marvin,Brazener,Paralegal,172.40.47.59
Kaitlyn,Chasemoore,VP Sales,209.115.127.94
Marybelle,Tesoe,Quality Control Specialist,80.140.144.221
Ede,Ebsworth,Administrative Officer,22.133.94.183
Doll,Danielovitch,Software Test Engineer IV,70.183.158.48
Emanuel,Pharrow,Paralegal,150.78.164.249
Sheryl,Size,Web Designer III,254.176.41.51
Sandor,Alesi,Environmental Specialist,206.191.84.204
Melissa,Annes,Senior Sales Associate,162.9.113.57
Lisetta,Faulconbridge,Information Systems Manager,102.50.206.56
Flin,Dillimore,Programmer IV,45.66.7.249
Consalve,Stroder,Product Engineer,243.152.23.159
Kore,Bemand,Technical Writer,226.68.245.117
Jermayne,Tunmore,Paralegal,114.169.143.44
Kati,Schimonek,Computer Systems Analyst IV,207.143.136.190
Dix,Rumke,Web Designer IV,192.40.197.114
Wolfie,Downage,Junior Executive,24.31.182.200
Angus,Penwell,Teacher,129.33.213.188
Bronnie,Flaherty,Chief Design Engineer,144.228.229.215
Curry,Champneys,Chief Design Engineer,222.228.207.121
Lorrayne,Reinbeck,Desktop Support Technician,239.68.133.187
Elmer,Barbera,GIS Technical Architect,147.27.58.86
Web,Cheek,Community Outreach Specialist,150.103.30.84
Jena,Hablot,Tax Accountant,220.67.20.186
Electra,Coard,Graphic Designer,164.208.167.133
Aretha,Djurisic,Environmental Specialist,88.224.41.137
Wolfie,Broadist,VP Sales,147.90.0.223
Jedediah,Wildin,Research Nurse,82.212.102.243
Stephi,Wemes,Food Chemist,30.193.84.31
Leigh,Bathoe,Programmer Analyst II,209.244.194.248
Minnie,Draisey,Desktop Support Technician,49.73.10.41
Bianka,Serraillier,Professor,222.55.180.164
Merell,Keyho,Senior Financial Analyst,41.204.65.57
Libby,Lavrick,Accountant II,65.148.153.103
Hatty,Mewhirter,Help Desk Operator,175.118.173.104
May,Permain,General Manager,188.42.215.166
Jonis,Denerley,Quality Engineer,191.226.250.64
Dasha,Loveitt,Marketing Manager,254.51.172.191
Enid,de Glanville,Electrical Engineer,216.128.122.2
Millisent,Roughsedge,Environmental Specialist,96.174.218.94
Edmund,Chaman,Quality Control Specialist,219.156.138.48
Eolande,Aucourte,Business Systems Development Analyst,242.12.184.225
Allyn,Eddins,Registered Nurse,139.92.159.224
Alix,Juggings,Budget/Accounting Analyst II,183.81.180.1
Laurette,Tees,Nurse,177.103.213.58
Jackelyn,Flook,Accounting Assistant III,10.146.49.93
Glyn,Romeuf,Environmental Specialist,92.59.142.137
Patin,Bengle,Computer Systems Analyst I,76.235.163.178
Tamarah,Blessed,Accountant IV,24.245.29.165
Octavius,Coleman,Director of Sales,84.9.28.48
Marcellina,Korn,Quality Control Specialist,105.195.39.194
Noel,Forlonge,Media Manager I,72.152.138.75
Doralyn,Lamb,Help Desk Technician,152.115.84.90
Lani,Miner,Systems Administrator III,126.228.123.105
Courtney,Limerick,Nurse,16.17.199.202
Filia,Insull,Project Manager,180.113.196.220
Shepperd,Broscombe,Speech Pathologist,133.84.158.108
Debera,Casin,Structural Analysis Engineer,198.88.179.62
Jaquelyn,Tinson,Systems Administrator II,121.159.230.172
Brad,Whiscard,Junior Executive,248.190.163.24
Dorelle,Rushbury,Senior Editor,12.130.85.10
Rahel,Breazeall,Nuclear Power Engineer,192.190.102.221
Norrie,Eckart,Clinical Specialist,51.167.207.46
Misti,Stradling,Registered Nurse,229.22.107.240
Siana,McWhannel,Speech Pathologist,156.32.10.86
